episode,length,return
1,28,129.9902821834783
2,17,77.87571871833175
3,29,135.89552829309324
4,20,91.25324208990062
5,25,121.94478759722934
6,18,82.86159797088038
7,18,83.22443144034645
8,17,78.39040858488946
9,19,88.87601537017011
10,27,131.3114823405678
11,17,78.18047382114071
12,17,78.0058105154773
13,20,93.59142360125276
14,21,100.56585761125686
15,18,82.85411626066642
16,25,121.51336113528636
17,20,94.37879991771962
18,30,132.42378683925455
19,20,93.34317012169701
20,22,101.0247727972463
21,25,111.02153708470512
22,19,89.18503552609545
23,17,76.6268751375743
24,24,104.16705117806428
25,20,92.35969920619027
26,38,180.47484258285817
27,18,83.39529777494103
28,26,117.47789924935401
29,23,106.02417542975601
30,18,81.13519564812692
31,31,135.8682683687064
32,33,145.58385038813609
33,36,169.13220636009012
34,20,95.47872809663964
35,22,98.43479246614734
36,30,136.58611178372286
37,35,173.65066929115505
38,28,121.88159435782218
39,33,150.59276438421426
40,18,82.92029471598967
41,19,85.26208297120964
42,35,164.6802368084214
43,52,241.141958312779
44,22,107.34970607058301
45,23,108.46601654711807
46,26,122.8560804626981
47,24,111.44931196551008
48,27,126.11133533470407
49,27,129.3117262670416
50,19,88.04460464464161
51,17,77.32552628067846
52,17,77.88979418077864
53,35,162.5987530861272
54,29,126.76200461533051
55,21,95.04722576816565
56,22,98.94502351472309
57,22,100.20977238615316
58,18,85.18612034350835
59,18,83.08930290781814
60,19,84.55917448534808
61,27,114.93533696440763
62,25,121.78265686052663
63,22,102.7458403040607
64,22,105.67835341808193
65,29,127.19836064969749
66,25,110.02403015667623
67,22,104.3934411796765
68,18,83.50218490520676
69,54,239.0896126962041
70,18,82.44046336234211
71,24,106.63101023624169
72,54,265.2178552726214
73,29,126.08136421527075
74,22,95.13045978622108
75,18,82.19921450865242
76,25,107.1352225087224
77,41,189.05797742624716
78,25,122.02802517757947
79,35,165.50574904612233
80,44,198.24548376585713
81,47,239.90467252274942
82,58,299.5148469745259
83,44,217.7292029781003
84,47,209.1156632987362
85,76,337.33969046238593
86,55,263.4085347343496
87,79,316.2913595418583
88,46,218.8701801489453
89,34,152.4330652790988
90,62,273.2941831562298
91,58,240.49400635077583
92,67,315.3458698703971
93,56,279.7261551926183
94,58,267.1753368258334
95,70,350.5410642277356
96,39,179.14317796070162
97,72,325.5362848240874
98,47,213.06996873168669
99,54,243.82194039534878
100,51,247.67388535199743
101,71,366.3127341580482
102,71,346.5737899490007
103,52,253.0897839911049
104,74,373.83844268853795
105,42,189.05427892831855
106,58,284.88290859119064
107,60,246.13408366050567
108,89,464.66551297435393
109,55,262.16950408687455
110,62,286.86119009301717
111,68,279.96117185821674
112,50,208.874831295309
113,75,334.62178206567876
114,109,525.680133367905
115,56,243.80426606039313
116,54,243.7181068191273
117,51,218.92169677841903
118,64,300.880383260717
119,44,202.91055163043615
120,51,215.12906760028596
121,60,248.5722417923144
122,103,421.7522203395306
123,64,300.0885401611105
124,75,307.6361610084142
125,140,615.3007429007793
126,50,234.36266713909833
127,55,232.65764394618947
128,66,314.09730787125284
129,38,188.5619393348115
130,43,222.05789549547077
131,64,316.13418737962076
132,100,481.740684813711
133,104,449.6496297359302
134,95,475.3767525152082
135,74,396.3720579913693
136,83,379.1279809099488
137,93,431.88280477319245
138,71,376.7020614012168
139,59,321.91288534791636
140,145,743.3584456519046
141,56,277.76103584378023
142,89,457.4652553287117
143,69,298.0380639360058
144,89,401.0210869288332
145,69,352.9040248981753
146,56,270.7535071201326
147,46,227.67722874098328
148,61,281.5747559104188
149,93,472.1712570959049
150,73,342.2047836163945
151,129,620.3650803683604
152,89,443.83234477271714
153,81,376.6425696235308
154,81,419.461152923521
155,92,458.9761667435889
156,59,289.9572459892972
157,66,279.4022086097015
158,48,222.73850245882127
159,74,378.78077447625213
160,68,282.9079152580589
161,60,303.13225496008397
162,88,441.95357162191243
163,68,309.25533692047657
164,63,261.6837664960238
165,71,301.45558345332836
166,68,338.47571494279765
167,47,194.49220704114046
168,70,341.79516783299186
169,84,383.8691697123303
170,65,265.6220134845405
171,72,354.30857346745796
172,63,286.9217361060707
173,58,245.57458760076682
174,61,301.91119416862074
175,64,275.7673766845412
176,57,267.9917283179123
177,53,231.05879426530078
178,44,188.0166350656728
179,58,232.4062834526725
180,61,274.09135356353727
181,106,443.9848176988678
182,64,277.8546184364678
183,60,281.14680795531564
184,67,336.4192137136676
185,58,296.88741724926064
186,59,283.09192667472246
187,58,253.76125698705448
188,67,297.7106053240708
189,85,421.17634415543233
190,64,309.45759588925506
191,51,242.63672258997298
192,56,282.61815830559624
193,80,401.7940011009735
194,75,332.2312645294875
195,111,531.7868588211319
196,65,318.10646248686317
197,76,318.7094418756747
198,89,440.062749017763
199,103,440.31538158465105
200,64,299.4866223725824
201,76,353.3494277360261
202,69,285.2779835774217
203,74,303.75289775407947
204,75,339.9458576162565
205,92,447.9182019219153
206,84,381.30987221044535
207,52,242.96550698821073
208,92,393.0438042150899
209,94,469.5216133526671
210,39,171.33426111213586
211,55,249.31816271541842
212,97,453.00019121608346
213,46,221.21533332204075
214,81,317.80853439026635
215,87,423.5727201139177
216,67,310.802875174243
217,64,315.7372831705106
218,65,264.81556801425984
219,65,326.4065159449222
220,89,380.9841947975399
221,90,399.1484681981556
222,92,441.16647619891296
223,63,319.4609246830688
224,51,245.56155941248838
225,98,507.8718000675013
226,43,217.19562477850138
227,86,386.1379173814862
228,54,277.37315101145697
229,73,341.3899702716351
230,62,317.7224002102031
231,55,290.13761249357316
232,74,320.20746188210035
233,50,267.94225582735066
234,53,283.73119976195574
235,48,248.19243304039594
236,53,263.7534263379005
237,55,282.04179569817165
238,56,294.4330160415324
239,55,286.99417291808066
240,61,262.3767988142437
241,89,395.0259729582148
242,74,316.33496490412494
243,73,338.16832196558664
244,75,324.6028760206362
245,72,314.1256564180158
246,71,289.9363788155347
247,61,263.4111511625412
248,51,207.23391715669953
249,69,276.94727281597807
250,78,322.43908910395214
251,78,318.08740741801046
252,89,388.7003827469707
253,74,323.2529000931454
254,99,448.57162895833176
255,57,244.40666505365377
256,85,438.6377555785127
257,50,215.7717957615335
258,63,253.3631196239369
259,59,248.35383156570097
260,67,279.3417685351699
261,63,241.34747677697308
262,61,312.0306233331994
263,66,328.9051825361625
264,57,224.60255224823558
265,56,293.72369480134256
266,51,256.34727568874087
267,68,336.71864451029046
268,40,167.59073081434332
269,69,334.79059454804434
270,82,420.71553381395546
271,72,329.7550696021815
272,65,313.04466872307495
273,61,301.9930920935466
274,66,320.677733233888
275,126,642.3113801528758
276,70,338.36223556582377
277,57,272.7480116555506
278,57,246.1701954785259
279,79,368.37671276582313
280,101,493.61503415317026
281,122,568.293694887892
282,112,498.4408103054059
283,74,306.7882373022528
284,120,560.0308834483435
285,98,426.2014327995949
286,84,401.8141385525012
287,99,443.1395044450291
288,165,814.6799525581702
289,78,396.6509972594454
290,63,285.6458830627046
291,39,170.15306798944147
292,52,231.35458814079104
293,81,356.67809321277986
294,89,366.78955208876476
295,52,232.2246701630522
296,61,243.40506693557134
297,82,333.90351654417793
298,53,241.1919547329575
299,84,364.1474971438034
300,90,443.79486184699607
301,68,328.96795483472187
302,97,418.2493088280737
303,72,361.4907053257251
304,69,296.11344893430845
305,83,354.2781667435751
306,71,348.751499256228
307,84,417.20481183637645
308,58,262.7004598869584
309,110,535.6885558579789
310,82,357.9815818372962
311,69,315.2979568883984
312,77,318.9083741868303
313,83,369.9289972858771
314,66,267.90579398158116
315,49,212.31054400025633
316,44,183.5113128369886
317,68,281.11299808895876
318,39,164.86433143585612
319,82,347.48795577662787
320,39,175.06508315029615
321,71,314.8008368960793
322,99,416.41864072339195
323,99,413.49928579260967
324,94,463.9747154805197
325,134,606.9622930526289
326,95,466.26847204352134
327,71,381.3767139635292
328,74,385.8774125765942
329,77,341.417667417054
330,86,446.1921379189281
331,70,346.525968896013
332,81,352.1274032489938
333,66,308.5625070890041
334,53,239.99444425879327
335,64,277.37724618761666
336,80,389.2286959751997
337,46,187.87144366027155
338,38,165.23771864573462
339,75,373.9413221570293
340,56,235.75612764742382
341,76,355.81686291027756
342,79,354.5731356421021
343,62,257.5492482437361
344,71,297.3092079402144
345,61,271.3326998904878
346,66,287.2955064176816
347,53,237.45438826089244
348,59,274.51246829148914
349,59,273.55020659275783
350,66,340.1375078103858
351,73,356.96901047672634
352,66,319.65590172603106
353,90,463.84401115411225
354,79,410.84642065399595
355,65,336.5746085719488
356,86,452.32070343829827
357,74,380.60522946214576
358,58,304.2061154062145
359,65,330.76384220089545
360,94,490.9578347218599
361,84,395.8543854935013
362,71,344.15982876348295
363,68,350.0549340833358
364,71,350.72532428908625
365,64,318.70081169771
366,82,410.4663907468011
367,81,351.1539735318464
368,95,467.8068704826921
369,72,339.8561774046036
370,70,333.35551041666974
371,81,378.79132337959015
372,65,348.41124524535627
373,46,206.38212643577995
374,80,412.303420133553
375,88,451.337999930436
376,54,266.0483701992294
377,79,398.7727785927573
378,106,515.7657071532307
379,82,411.4647822525768
380,54,240.5690205794787
381,86,400.0410504107
382,76,380.2953888276575
383,79,430.24220457812726
384,100,437.3816732635377
385,62,272.72958815380645
386,63,285.8075494569605
387,98,488.50125434142706
388,69,319.8974797352394
389,75,387.27775819171825
390,61,285.67870733808695
391,64,279.69660671858117
392,58,251.49252913652666
393,65,313.54331043508523
394,55,245.57583503852445
395,97,486.88548177338356
396,72,303.7506629044334
397,70,287.24307694186405
398,111,511.8672002998708
399,70,309.9092342555191
400,93,449.14362074263755
401,66,292.0269264598024
402,77,400.08983600108684
403,96,467.1783470268504
404,101,446.9229704754248
405,71,287.5189413001237
406,58,278.9826994596944
407,37,178.77572016060984
408,54,242.76212063814796
409,30,140.3087241456571
410,51,240.9182585548887
411,35,158.2116649302456
412,75,330.5544374315001
413,33,152.78458083130408
414,30,140.95145694904866
415,79,398.7909716698145
416,63,315.44626953008026
417,42,181.10149526922308
418,97,459.07070550322015
419,70,363.3757992868779
420,99,496.286868601747
421,61,318.04120935598615
422,51,219.92881446913822
423,47,229.21367153484366
424,74,350.71103984520073
425,55,262.76681522516805
426,80,412.79691060274405
427,53,244.94677504067946
428,66,309.393712082936
429,49,213.97838244283867
430,102,402.5416770166904
431,64,288.06158050557025
432,56,235.57361695361328
433,82,352.37312760218373
434,66,257.9224312089523
435,65,264.999884056262
436,146,654.6442090752507
437,69,267.4805811243586
438,140,665.9476812438306
439,75,361.15763655590166
440,86,358.68091350851984
441,56,218.77260767852812
442,126,540.8746011563233
443,88,378.4549795736062
444,61,263.715203957663
445,70,308.50016116657633
446,89,377.98793893098514
447,91,453.5065970003872
448,103,482.9182703807427
449,83,338.6586315772338
450,87,353.6870696150722
451,81,338.4186092057201
452,72,301.93274801186305
453,76,328.51116098811247
454,67,275.7069324652003
455,80,342.4342875915388
456,93,394.0643540383064
457,65,263.6506140479426
458,110,481.2072535511255
459,68,290.1951954748455
460,67,277.63686345838653
461,78,323.48391512524654
462,77,327.7897458719585
463,75,315.3594309713366
464,98,432.91501786496815
465,74,307.1561934663607
466,96,421.40689438046957
467,76,350.91764930374165
468,78,341.87657554314796
469,81,394.55249451094113
470,66,278.0994477991676
471,63,259.822406668526
472,74,308.27452360408006
473,55,219.4329674502416
474,47,186.18047060741895
475,57,228.85290391458767
476,57,230.03879550414334
477,56,227.21689924034018
478,69,286.40386012954843
479,59,254.26473780748705
480,56,231.22943030939442
481,66,274.7804002504636
482,71,311.17666157476395
483,90,410.58779479719425
484,81,348.5059178413447
485,74,331.97113744682787
486,90,393.70727535399897
487,77,385.13842893402096
488,105,531.7847783799759
489,93,460.7260500037661
490,90,399.15721008421525
491,64,309.952297097829
492,105,495.567684409403
493,59,292.1041688275967
494,78,383.83440600529343
495,133,631.5186302309862
496,72,335.0359258923984
497,54,254.25418692220887
498,154,722.5954968544737
499,60,287.4937718678495
500,131,614.8818209525941
501,64,311.0154420290108
502,60,292.496122975394
503,94,454.20842797188436
504,98,488.6870663165926
505,105,526.172717880333
506,113,581.6201275743965
507,90,429.0114576249581
508,125,621.2480660703884
509,108,533.232670548899
510,100,409.08104166729953
511,112,568.2560709317802
512,83,384.08528901686094
513,71,296.2801027914703
514,70,349.7157400605464
515,93,417.23360698557667
516,90,412.5306286567485
517,65,267.76914741422974
518,68,299.3725048665964
519,82,360.98459307348804
520,60,258.3623572964607
521,64,266.6550047083023
522,63,283.12652890035866
523,144,602.9015385024276
524,69,318.7694509673893
525,83,412.50582571562455
526,78,381.5722888932769
527,66,279.87517463453213
528,79,342.982546424195
529,142,714.6813591321724
530,82,426.2934075596381
531,71,353.5332004631292
532,83,391.4577687160624
533,88,446.1319267864297
534,29,139.21570444587687
535,95,408.23561776999736
536,149,719.488005835917
537,71,344.6636311269975
538,64,372.88392393224444
539,51,253.27548160185873
540,61,296.5195496814692
541,17,70.8886505621275
542,18,80.49441134787838
543,18,78.15503672459032
544,20,86.0405622901407
545,20,83.01066785892894
546,24,112.74969340574252
547,18,74.34217756914009
548,23,100.25081328312416
549,53,263.6129459581269
550,22,103.1697201238702
551,80,397.1625456206014
552,25,121.7054730751292
553,87,439.935916869406
554,35,169.08473730326176
555,59,294.2496915361092
556,70,342.066657995732
557,38,195.00894871119186
558,58,294.3348823885365
559,125,618.5215853797929
560,68,335.34379948838756
561,91,437.4276132678081
562,56,274.212582267109
563,121,605.8253573171479
564,131,627.4902117173336
565,116,567.4735634914978
566,79,395.746098865634
567,45,228.09098219329994
568,131,663.7078725368631
569,143,658.5924068007924
570,79,339.71465539193866
571,69,282.0893917935733
572,79,387.0137049146353
573,88,395.3721955253059
574,83,410.9063736882724
575,84,354.64477782659054
576,124,583.4776694456068
577,59,247.4429829569418
578,123,575.6017199515179
579,74,313.63329757049223
580,79,377.33957630969724
581,60,274.27101747992054
582,71,302.2260495275925
583,75,322.05185941470626
584,72,302.53972323075027
585,107,516.7165333682377
586,56,221.03169107016845
587,69,282.011232484402
588,76,330.65477432955436
589,97,380.69764854506843
590,125,539.761066818183
591,73,306.44955413081175
592,61,251.31469864488284
593,57,223.37386444523284
594,87,388.42342021717724
595,248,1063.1686886895334
596,64,301.9562983228321
597,74,361.7221241421816
598,87,435.2772563900998
599,68,291.2842307518936
600,90,423.5360908017362
601,63,253.4158154253826
602,54,251.0176747250178
603,80,325.69045125609733
604,50,212.59751633484976
605,77,344.3215118824639
606,74,309.14240532584756
607,57,238.23926905911696
608,64,311.27190158505124
609,68,300.1418170067853
610,68,305.3699785576634
611,85,423.7364056066161
612,85,383.1525646020704
613,77,307.1987435642199
614,87,400.1017926349749
615,55,230.35032810745858
616,81,353.7949140616178
617,57,245.9315838440679
618,133,592.0224776447636
619,65,262.100214521071
620,116,601.354589346006
621,85,373.575294900203
622,138,624.7669290130526
623,65,314.35328064917843
624,79,344.5340244070214
625,75,377.420850373734
626,121,518.4749879878216
627,145,698.5289261413715
628,63,309.45428244483355
629,81,414.18455448417694
630,63,341.78324076542486
631,52,269.39870480879136
632,64,344.6869911790595
633,64,324.46266076075983
634,70,336.0536881442138
635,85,412.20425713327904
636,50,234.83496896804826
637,70,354.00869541174495
638,111,498.5934434803109
639,66,264.8769818467488
640,79,383.2394003235988
641,83,381.36690732464615
642,75,358.7495804775351
643,94,460.80873507455505
644,75,361.3267849856313
645,88,421.66563468950335
646,81,380.17868047544977
647,67,335.64695001841784
648,62,286.84836089281066
649,123,571.7549721615529
650,111,550.2555768434213
651,120,611.1278225362914
652,68,288.3004783628203
653,72,349.7955175179462
654,61,289.9029698702074
655,68,338.0511046060597
656,86,425.5324397620702
657,61,285.708192983635
658,92,430.0857269285189
659,100,457.7058477326653
660,73,343.42675844623676
661,84,426.67784536990973
662,82,393.77888280309946
663,76,317.7037288988576
664,78,347.84432824097456
665,136,607.3225381616866
666,80,348.5961187613093
667,80,355.35608949904724
668,128,615.4888881199407
669,74,321.2428448818094
670,117,522.6266524559232
671,92,415.42611625439025
672,49,201.33367715270225
673,48,187.5437862477228
674,61,240.24827720048606
675,92,394.4168207569598
676,122,587.2189742826083
677,59,276.5378553639329
678,75,308.66047555550364
679,77,318.23925236952067
680,75,295.8179326750172
681,108,462.2285809582284
682,76,356.1483246599096
683,84,378.3182333265493
684,85,369.8784876701288
685,105,512.5709102144995
686,125,612.7257619716927
687,76,374.576481291225
688,142,619.6806072593458
689,100,489.6036720367131
690,91,445.9579855513791
691,89,446.20653506714933
692,121,560.1706977776618
693,124,586.9584077872054
694,159,718.155471273373
695,87,449.38291025667047
696,51,233.75244430352154
697,70,350.8661473321941
698,156,772.1485551027032
699,91,441.07164888282665
700,116,566.0794970233552
701,85,396.5858226881303
702,134,638.6511972899422
703,96,478.8820733936702
704,68,337.4326396123676
705,110,537.6040067052711
706,84,362.1572051434396
707,76,336.92115837870415
708,100,440.01559653365246
709,86,415.91655008734443
710,94,458.60524043596
711,63,296.7423283008976
712,78,364.76202232425015
713,73,338.9171943383554
714,71,345.0643386141884
715,54,248.30114275907042
716,71,333.02151962140226
717,62,320.6041829842922
718,103,527.3279079610502
719,65,318.9603020856303
720,79,378.7802424828552
721,92,419.4318981832935
722,83,421.4931327567784
723,91,366.74326759381063
724,105,503.57522275767866
725,111,513.8806673711103
726,98,499.0799261693086
727,72,293.15069008788873
728,73,296.2970240437601
729,82,346.3488991422267
730,72,367.6378073207172
731,116,582.1746801837801
732,69,295.35874587461325
733,97,475.5892902652983
734,120,491.5852225065672
735,89,382.58506726060654
736,105,514.95392334092
737,103,512.0313086925469
738,98,473.21757469460067
739,173,802.6257123241749
740,70,363.5506053078686
741,89,407.1308971470417
742,160,798.0179488596914
743,62,276.2457244731944
744,69,320.453606007589
745,69,345.60301475912865
746,65,317.5963272714926
747,58,273.07726717880877
748,94,402.45604890243123
749,81,335.6441663949346
750,84,345.0234851313074
751,77,315.81893357260395
752,82,407.1865784478198
753,125,535.8159996437836
754,100,485.85852649239035
755,89,378.35187046787144
756,113,557.3473145365211
757,97,481.2895245872006
758,101,443.56732656711466
759,115,555.7706182461159
760,123,584.7295001645933
761,99,493.1760072639224
762,85,392.96128651131767
763,74,378.26701771550444
764,97,420.41447437980247
765,88,411.41847721199696
766,75,345.66822659519744
767,96,492.72499818204665
768,130,546.4527954461998
769,94,383.7780237629832
770,132,640.2791184689949
771,77,326.68694239911304
772,78,328.7634446328592
773,132,660.4656597854212
774,66,336.06129948228454
775,100,453.6494233988421
776,101,439.49717708003595
777,49,221.63140388994356
778,92,384.1628827797799
779,71,330.8956934077909
780,73,358.08838809168657
781,79,386.3173548203488
782,78,365.90862767635406
783,73,349.35112816795936
784,74,353.7472134718536
785,57,282.67581480880403
786,78,383.58362626468374
787,80,399.88141606291987
788,55,263.85144761346226
789,87,416.3883998618219
790,76,375.43728752110593
791,72,354.1134794495305
792,88,392.34111294832303
793,109,488.5271722806574
794,86,411.8680743452313
795,87,445.77409971438186
796,96,473.27422886244267
797,80,381.1555931206872
798,66,333.98328199049706
799,87,433.3007461009854
800,97,497.10834837410704
801,54,253.25467371763068
802,172,810.1457012429311
803,76,395.74907814855806
804,126,551.6865460840547
805,89,441.0622224928294
806,97,477.7428146187829
807,121,562.2930585179756
808,124,635.1092386437184
809,60,285.30078629562166
810,64,285.25116267145205
811,73,307.20540105612247
812,100,454.8000125126708
813,69,298.6997683095875
814,54,221.44079031259926
815,88,398.4719159430568
816,82,329.334906367285
817,122,525.816571812651
818,88,434.2662631861296
819,92,386.01722414725526
820,96,415.82784519557083
821,89,415.1930380322624
822,75,382.473211531299
823,81,400.426248976786
824,69,279.95892083333484
825,98,489.4965690994193
826,218,1034.6596862040826
827,82,391.57856481437585
828,86,409.24256523324823
829,114,577.568581403681
830,64,291.2934551551184
831,108,549.3880575578485
832,52,256.25571671589904
833,101,514.3689233432548
834,81,435.0728460804668
835,76,376.36870444494264
836,121,539.7451550334015
837,81,399.9711928010331
838,95,431.38812273984485
839,126,643.9096941847255
840,116,497.16311133333323
841,110,535.7671813967312
842,81,377.3149192713777
843,77,335.8520351715618
844,77,341.7040727467873
845,113,511.2912437024785
846,67,320.8758623612447
847,88,425.43507657249813
848,72,372.6922971725847
849,78,351.72708407763685
850,97,415.0424953266304
851,145,736.4471436771041
852,96,425.7049526542082
853,72,309.2227333248404
854,87,435.5943940137359
855,85,371.0426709759461
856,86,373.8846997631492
857,68,321.75029962953795
858,45,207.93656423706122
859,53,259.07449621624755
860,63,302.41993340067813
861,101,439.14147210640306
862,65,279.6115610540124
863,66,277.1230863911327
864,99,469.8825123321064
865,67,304.2320273035811
866,85,386.1715055673387
867,63,279.62795556522155
868,65,290.73002210815844
869,87,403.86370592051935
870,88,427.72661644496725
871,102,478.28890401512496
872,83,369.6265799419438
873,100,478.1255337851516
874,87,397.2336852785902
875,147,696.5874937031218
876,95,452.9474227680284
877,84,363.98490980020284
878,98,465.58672212075595
879,94,452.85917519039447
880,95,448.46867834895755
881,86,393.51614732661847
882,122,550.7622206828008
883,91,370.1469068084706
884,81,339.3582763634878
885,98,433.60755328715095
886,65,338.507005898356
887,100,510.29532886534713
888,61,315.4122840907087
889,56,294.1013975474614
890,53,275.87929705245887
891,64,339.24030476048586
892,54,283.3043977350806
893,76,382.79281528554316
894,67,374.7499928758682
895,68,372.91571074212936
896,64,349.01028907045304
897,61,316.8712876496092
898,54,269.00659343590684
899,66,354.02757891843515
900,62,335.3225108650686
901,62,321.09951832856217
902,67,349.86744851918206
903,62,326.42347522953963
904,62,340.72934485549877
905,92,468.1811545730592
906,98,529.177400474591
907,72,360.84958236503695
908,93,463.6008974538223
909,71,357.78901384876684
910,72,368.637309673261
911,104,528.6727825371615
912,96,500.72507083766715
913,136,685.8634114377916
914,102,508.0947940233921
915,62,265.1229032075059
916,71,303.5535635956334
917,69,301.9284808951509
918,82,361.38811602735376
919,80,374.500182274158
920,96,444.01575998397493
921,81,339.1723442268934
922,80,350.28873372174
923,114,566.1303235889715
924,92,454.0787625536026
925,86,375.83277118703705
926,109,466.16544995194323
927,80,392.7879575556654
928,104,483.3016624258534
929,99,474.3686904488445
930,58,277.0696801961116
931,96,475.66411480251674
932,49,231.50183990491914
933,88,457.05485363537287
934,127,596.6132046671225
935,98,422.8048496945442
936,75,371.1569470286086
937,84,357.55997547735114
938,64,283.984414719148
939,96,476.39127158244855
940,70,296.2943305483649
941,120,550.1823466156452
942,78,388.41559441188645
943,119,545.9961220368618
944,110,566.5756195868662
945,108,553.6843751170363
946,90,456.9604274736589
947,64,265.9288379966285
948,71,309.8588513950922
949,79,344.0103170352117
950,90,424.5694651352885
951,83,347.71143642714065
952,69,337.86400412194826
953,176,817.9440982234265
954,99,441.25509253823117
955,64,284.45704295399736
956,66,308.54155333050386
957,79,403.7554225225732
958,86,375.50265215952453
959,80,366.5788567684654
960,85,433.7842706533236
961,89,390.89826047183135
962,99,515.6952668278757
963,110,512.1302365728649
964,128,537.6786118868976
965,68,294.76532931640696
966,66,331.68171839497154
967,146,632.1707346216014
968,97,448.42178831772435
969,42,196.45795169227253
970,102,482.8394005969082
971,78,324.121577713146
972,97,444.32237340713766
973,91,390.0272198529694
974,79,355.7427553767253
975,90,363.7434449853474
976,88,409.9926415738564
977,69,313.38487158368673
978,84,415.64093484428935
979,115,511.3206954590506
980,79,366.3216579104451
981,97,470.707340517005
982,136,576.8058197271621
983,132,649.0153579678986
984,70,294.56268401727453
985,86,390.44442623134796
986,86,430.70774917301117
987,43,197.65611516806217
988,85,426.720624615689
989,59,275.2142742715572
990,70,366.69262821601876
991,92,459.50752433194236
992,128,630.2627839999205
993,84,423.0402669913684
994,79,389.00894830265156
995,61,310.83464856740596
996,168,855.6009889012702
997,195,928.20861280862
998,161,848.1708695255047
999,116,519.6618444073599
1000,83,377.84739862230924
1001,122,498.6900541919378
1002,76,325.88896595809547
1003,77,339.2559105333867
1004,120,524.2925131338073
1005,106,457.22853612806443
1006,96,409.927311701666
1007,101,481.44284927051973
1008,92,417.0999201989628
1009,69,332.1216309847104
1010,116,572.2222747930653
1011,94,448.68085431828337
1012,85,397.3457749697987
1013,118,496.7007663197619
1014,105,466.09434255910804
1015,68,331.3662630820096
1016,68,330.0421990297124
1017,80,373.32163414683765
1018,72,302.42838887612027
1019,70,291.3914682288908
1020,97,471.25211602026667
1021,88,367.7982380808046
1022,67,289.1231911618289
1023,51,233.20015867463428
1024,80,405.5892298125718
1025,102,449.15440747612064
1026,85,362.6356678618536
1027,73,344.8454024644073
1028,102,490.63996245491467
1029,76,341.56504160628145
1030,56,279.23724109838946
1031,123,613.4849308077012
1032,146,591.9308989123157
1033,145,647.7619769245756
1034,84,422.5446150349804
1035,95,436.53965405028316
1036,72,373.08328686433913
1037,85,437.8210006375699
1038,98,477.3914830200241
1039,78,363.2282629459569
1040,108,521.4538778993036
1041,71,359.5187926228682
1042,176,815.7546967207631
1043,75,293.7297328341571
1044,110,529.2411042396257
1045,108,479.1822201707005
1046,74,353.107495318216
1047,91,408.5669348936758
1048,138,662.0608627741394
1049,102,442.8150434400028
1050,68,328.21902214563926
1051,106,468.6045600226073
1052,95,426.2949126207689
1053,173,769.9132053208714
1054,106,467.82839379967436
1055,72,292.7032480597863
1056,65,289.85379610152006
1057,73,303.7091184335245
1058,175,833.6332266257739
1059,88,363.9122847735578
1060,70,289.7123990116472
1061,80,347.54542711426956
1062,101,446.54137100115963
1063,72,302.4909949734632
1064,107,447.5907722417936
1065,103,456.14222190561344
1066,72,310.03444336639575
1067,106,450.06953791728165
1068,66,294.13675121988496
1069,86,414.68233600083374
1070,81,383.9123983583532
1071,102,502.8285935586096
1072,59,280.4782719013767
1073,65,302.1860470124365
1074,68,326.62048941042326
1075,65,315.7087358202176
1076,66,321.45824295725987
1077,109,532.2902568235085
1078,84,407.105396442541
1079,78,359.99281944586477
1080,71,348.7858458079327
1081,65,316.92209046518406
1082,75,368.93192268635124
1083,75,363.73086948352113
1084,102,497.88614289890484
1085,90,451.39699214345296
1086,87,430.03525032838485
1087,69,334.88346256783956
1088,77,387.2467942454622
1089,73,360.9524173425262
1090,62,309.8960136795986
1091,90,444.5952582944691
1092,117,568.6936334204328
1093,102,498.51023990223695
1094,95,493.22867856540967
1095,97,475.11601246710256
1096,132,657.2842693617275
1097,81,389.94025041965745
1098,164,830.7234292416849
1099,92,385.23476033327296
1100,99,478.01531586172564
1101,83,371.2335153246799
1102,150,680.9310911065201
1103,97,465.69763581763976
1104,59,251.54881073375216
1105,96,419.7040845851719
1106,117,540.7436608208126
1107,108,549.2322942191014
1108,108,506.43327461725187
1109,125,503.2689322388395
1110,121,510.26616087684715
1111,102,507.749217558682
1112,92,415.87908253714437
1113,50,212.72512517155408
1114,79,384.6887667149039
1115,111,498.6941462189457
1116,108,534.3483479871906
1117,90,407.31607716773937
1118,145,681.777979887556
1119,132,583.4298626473593
1120,104,457.32823377147884
1121,65,315.14727454282314
1122,82,418.2323700599373
1123,103,525.9337418516269
1124,145,718.9700126662983
1125,74,387.1700282241111
1126,78,347.1271309029669
1127,150,729.333301184101
1128,75,352.1721967544223
1129,64,320.72119487572064
1130,70,332.6879385515478
1131,86,379.96762460743207
1132,80,385.1371495177151
1133,88,385.8990276499028
1134,106,512.3409107436273
1135,88,382.98273883011603
1136,112,487.92224805066763
1137,82,349.0956358582123
1138,81,416.7035976953765
1139,88,407.2345497904749
1140,80,354.3633807703653
1141,73,336.69486154027646
1142,111,495.8196703751798
1143,55,239.8814958204715
1144,66,271.5748127058478
1145,144,622.1325263826683
1146,91,423.8783206933579
1147,83,350.89576942456875
1148,109,489.2214272516743
1149,76,344.66293379255717
1150,71,303.77969714909125
1151,111,480.2824666843937
1152,178,828.6813644508502
1153,99,497.0205794840133
1154,140,602.1894985991956
1155,87,372.5419132974436
1156,60,284.99440350558376
1157,126,586.0719739678024
1158,57,250.40911470721196
1159,192,995.6157727075274
1160,118,560.7905577020708
1161,92,430.34323112365195
1162,80,354.36711864951735
1163,116,584.5071733882453
1164,75,299.66114395887513
1165,120,546.8002370292195
1166,93,413.0012489473893
1167,110,529.177565182722
1168,66,273.00827707996314
1169,70,296.7871537571135
1170,103,434.2806276490856
1171,106,443.2832728414584
1172,91,370.2594470321815
1173,79,332.9906410692183
1174,57,231.0260236629787
1175,101,472.6025839141427
1176,121,523.2350578361306
1177,88,396.6679662955131
1178,99,470.2683743419093
1179,123,543.351922098073
1180,106,446.2829547657033
1181,74,309.2595265240012
1182,127,567.4077805929167
1183,96,392.9420516815453
1184,70,291.12004610708635
1185,89,401.6412309527406
1186,94,397.15791109858327
1187,103,413.07178867038004
1188,118,520.2333794629895
1189,181,840.4553672848825
1190,99,438.3400644720249
1191,105,507.97037245142917
1192,59,271.32211463855083
1193,60,282.24701974069916
1194,48,223.55199079683547
1195,125,554.1245600893305
1196,75,383.38519352046933
1197,122,561.1065117151213
1198,86,399.84783787922316
1199,128,581.1739969412652
1200,80,412.7819102765654
1201,77,362.49684172994233
1202,103,452.92464107850594
1203,115,508.9282077382417
1204,138,613.5736721713138
1205,107,526.0133092916583
1206,93,470.12379451330025
1207,77,407.6480300363086
1208,83,411.4918782140327
1209,82,401.7589543805733
1210,86,421.5060355492363
1211,70,304.1568843600939
1212,102,444.6340289068224
1213,70,299.2346292553832
1214,81,328.66645827811703
1215,148,682.3306056607986
1216,88,430.17194734743174
1217,87,354.8252615036798
1218,114,527.2898807131311
1219,160,722.570651450281
1220,114,566.1563013824137
1221,164,741.7033500809708
1222,89,402.56107264821003
1223,75,311.5137498275129
1224,161,837.4024038610777
1225,74,317.8517131965501
1226,86,361.35855475879913
1227,106,484.23268871437557
1228,136,645.1191032682126
1229,82,358.53804262028547
1230,163,753.9738605571667
1231,143,644.4939520563164
1232,74,317.9610376671945
1233,119,573.5286422606845
1234,106,458.3051159103105
1235,99,423.3801852671885
1236,92,429.905082316619
1237,79,330.16679412331365
1238,151,689.9356924973258
1239,107,475.4774270671451
1240,74,361.5069673142393
1241,108,528.4890236714664
1242,100,444.4243022946896
1243,73,344.1086741301223
1244,89,383.05771976509095
1245,169,837.6908230555271
1246,156,754.7408358033214
1247,130,551.6114836210596
1248,111,532.5291266704985
1249,116,513.9130244174299
1250,75,337.58558772244
1251,171,909.2655866667922
1252,103,472.7958582214797
1253,87,453.93817950221046
1254,107,467.07143685803464
1255,48,206.73714742526016
1256,121,605.9010812472604
1257,126,583.4833811427061
1258,74,381.8010331125495
1259,67,299.8891814622611
1260,121,547.2358936392194
1261,106,529.3022309184079
1262,100,429.5199994653732
1263,151,720.8823158483664
1264,75,381.0254124005514
1265,69,316.51547261642503
1266,93,461.0861474225859
1267,102,487.5186236674642
1268,62,259.8848815933551
1269,97,428.3019249954872
1270,102,456.01965204619324
1271,146,646.1033533285787
1272,82,361.6412086142856
1273,78,373.8775255638401
1274,82,415.38455492082795
1275,69,338.2336620871525
1276,61,254.6938726563125
1277,90,397.5161951881348
1278,87,370.6076950332653
1279,93,402.65270181702914
1280,108,469.3439855284603
1281,107,442.9683195335266
1282,109,474.0172761939779
1283,196,901.9902580513165
1284,127,560.1335614165401
1285,108,527.9269681807638
1286,101,440.11961528374064
1287,122,595.5520738248231
1288,85,406.44434671740777
1289,92,440.2654955061873
1290,100,448.9473484866155
1291,158,771.2305211763188
1292,85,392.3678206555995
1293,66,327.90462850206336
1294,127,620.5337684231861
1295,109,511.55077130237703
1296,115,589.3023068456471
1297,102,489.6749835409301
1298,115,545.2472305324288
1299,89,420.28415224696687
1300,69,328.85164172188365
1301,72,360.77904141074845
1302,91,427.8058067261186
1303,80,353.28800689679224
1304,124,605.2854931529164
1305,76,340.08857902301446
1306,107,484.1134902327615
1307,105,513.9981310668383
1308,102,453.1080720661648
1309,145,641.3085880485173
1310,115,586.2328418801295
1311,162,807.8873474467742
1312,91,398.8827322805162
1313,118,488.17509529824855
1314,149,637.2174457598682
1315,122,532.6514744723178
1316,121,500.39415102323466
1317,203,923.8618269920009
1318,77,350.20839180839147
1319,104,527.4993657364622
1320,123,539.5691184959791
1321,169,779.7251839197901
1322,111,519.8858951569348
1323,124,571.5010928501765
1324,97,448.5346047681114
1325,128,574.1132351641447
1326,102,494.85682530752183
1327,88,368.1368352272802
1328,91,387.378394363556
1329,87,368.87493549031177
1330,94,400.86369666220645
1331,93,442.10778509968543
1332,185,825.727933403638
1333,95,403.19491294295943
1334,183,807.207233596905
1335,112,461.7643130967833
1336,114,477.63000695440417
1337,117,512.9352759226722
1338,99,479.77890644109175
1339,173,762.922269917415
1340,85,357.5319357717554
1341,90,437.72647515756495
1342,111,550.5253159536709
1343,134,595.5928139837121
1344,100,432.3367448507941
1345,275,1248.920716632201
1346,108,532.5200925976104
1347,104,495.06996798439593
1348,76,343.75950968063694
1349,97,441.1963733202677
1350,127,619.394927407071
1351,92,460.99367718614127
1352,161,774.176549792311
1353,97,419.9130092579291
1354,118,497.4472848297181
1355,88,424.0931372142037
1356,80,398.33986604371086
1357,115,518.4127775952337
1358,105,498.5704467234162
1359,119,492.990477290322
1360,101,444.24430150263106
1361,120,503.8647218278914
1362,103,514.7352673782925
1363,75,356.6760924848404
1364,115,569.3570782687294
1365,97,417.43200162198997
1366,109,511.7490372183147
1367,93,436.39408573247476
1368,82,343.0873939976423
1369,92,387.060280352723
1370,123,599.2520639946358
1371,127,574.2133267572037
1372,102,470.65907515069557
1373,120,563.9915671979455
1374,140,637.7420434637938
1375,112,504.4881872861759
1376,82,384.79705175782846
1377,80,330.04672818087363
1378,99,468.5696604871549
1379,116,594.353348245945
1380,98,441.85174020427104
1381,104,442.93783077837975
1382,110,485.05194782698777
1383,75,376.1523084191346
1384,71,315.6199979711748
1385,94,512.2546969224821
1386,87,362.43390101307267
1387,95,469.6738612765253
1388,58,294.21362652779214
1389,92,469.8024391919646
1390,160,720.1332205282796
1391,89,441.81149531156245
1392,130,569.8896884885488
1393,95,418.0308685064512
1394,81,346.85904762316454
1395,102,501.7478136819518
1396,85,413.5704936557369
1397,118,629.234970654278
1398,87,381.67774380461066
1399,176,789.5833755970965
1400,130,610.530905394613
1401,92,421.4340171503366
1402,166,814.6501000621283
1403,131,644.7597037560275
1404,128,666.6737584638333
1405,131,629.3589857591962
1406,67,343.1375424685607
1407,98,477.9352349172448
1408,104,523.7279853904224
1409,108,505.08256453358644
1410,161,791.0663603713646
1411,103,503.85846293073655
1412,136,672.1222654395153
1413,92,407.56633521119556
1414,101,473.4604099421937
1415,221,1057.9980482525732
1416,156,782.7750873053553
1417,74,343.5579263069213
1418,96,431.66070020810656
1419,100,492.64707350225393
1420,152,660.6254920452458
1421,131,520.4770283883273
1422,78,362.28101917598303
1423,134,600.0649228193504
1424,126,610.4078421569934
1425,136,627.5172613996732
1426,123,517.3972494922849
1427,106,495.51428346699964
1428,92,417.35852230595117
1429,103,524.957572209852
1430,129,648.3113573889489
1431,137,684.8823479318609
1432,93,457.0414380541331
1433,107,509.5656311285922
1434,142,643.5473068775634
1435,111,554.5278406537502
1436,180,800.7359452991371
1437,124,646.1392040181097
1438,99,457.12929351587377
1439,85,414.69135717287554
1440,117,566.5684285748829
1441,102,477.0623971047285
1442,92,412.48107673379025
1443,170,860.1929852180884
1444,157,762.1198728801926
1445,81,348.3438909714333
1446,120,506.16532608501836
1447,124,622.9963103909388
1448,108,485.40563061892476
1449,194,936.7904336396922
1450,118,593.2748072393974
1451,78,383.16548811608374
1452,70,316.2278726106153
1453,96,421.7795096256452
1454,90,390.7279696712823
1455,128,561.3180671406006
1456,76,377.184553333979
1457,100,480.76416910864896
1458,70,340.97954579930683
1459,67,306.816548566462
1460,85,415.71236515212473
1461,81,422.43536119230674
1462,109,570.9526235910363
1463,111,561.2834092173389
1464,77,367.0796357643606
1465,62,327.12522793704005
1466,72,367.1070800127408
1467,87,444.7566004688802
1468,102,521.0870093199243
1469,91,464.572216693485
1470,89,475.96854889828836
1471,89,468.0215777423412
1472,89,435.1779178901395
1473,92,446.12366167988273
1474,60,311.59459468458266
1475,208,991.8896279195346
1476,103,486.0271286793401
1477,70,327.54022010339827
1478,76,396.1788047807943
1479,143,706.1005548460034
1480,73,364.17303855745973
1481,95,411.0798831497939
1482,72,347.8945955550546
1483,72,302.5193898341223
1484,77,392.9170729017602
1485,86,412.3334941554254
1486,89,382.74738642309256
1487,203,1012.9983112979941
1488,83,396.9905842291091
1489,163,778.3950693038183
1490,100,497.8254272777364
1491,127,627.1571499383526
1492,100,477.546722778387
1493,99,509.0089192425946
1494,66,293.768190878741
1495,94,470.62177874980887
1496,129,581.8594050227955
1497,66,320.4643061493602
1498,149,669.436202096482
1499,138,641.1348838847019
1500,150,648.8442789271002
1501,116,598.4676389978761
1502,110,480.2155678992107
1503,105,475.3509075479146
1504,78,371.1249383215592
1505,102,449.10985453394096
1506,97,424.47409511796866
1507,87,396.42391847255726
1508,113,489.48542540322495
1509,180,898.2669096034921
1510,110,517.1324794258985
1511,79,389.9199694472885
1512,88,397.1763581155007
1513,87,408.19081766389485
1514,119,529.9183670357294
1515,135,611.9639685006193
1516,148,670.044095389921
1517,91,467.1531781383305
1518,107,464.2715125761805
1519,85,414.5523170106398
1520,114,479.58991735186413
1521,104,504.70033584651856
1522,91,440.66768959522386
1523,86,374.1812200395293
1524,139,592.6192868445454
1525,145,610.1546320915087
1526,81,352.3081455492537
1527,86,368.2439177374237
1528,101,443.2646783293324
1529,120,570.5761113773707
1530,94,412.3951656395218
1531,62,272.250108208704
1532,76,381.10861251914287
1533,98,491.3518264028746
1534,77,350.10237855933264
1535,107,509.3806941865596
1536,104,502.7171939990786
1537,110,523.8382068759324
1538,112,515.951913409658
1539,75,341.90141157299456
1540,180,875.9679101754658
1541,130,551.6155584397675
1542,139,710.3158736362251
1543,117,510.95298786646174
1544,104,500.04652985837095
1545,124,540.2198983846872
1546,85,419.5821227328863
1547,80,371.6923787607113
1548,120,568.2128803613037
1549,129,583.7929724636246
1550,75,353.933314073162
1551,122,552.2928704771825
1552,106,433.81673108158265
1553,115,515.1573356517417
1554,91,421.92213309857215
1555,104,480.7746176283601
1556,85,416.20061327171686
1557,95,464.36060756178495
1558,86,377.6576366480203
1559,93,457.19370472429017
1560,110,497.553581702093
1561,102,464.0938284462948
1562,105,441.38796760827887
1563,99,502.90562591359526
1564,113,589.8532077304521
1565,102,510.2981848139537
1566,105,480.2038777713421
1567,115,525.3225286629306
1568,166,801.2362058314678
1569,170,776.0616527145396
1570,131,563.2061953947346
1571,80,411.8225776464988
1572,93,446.7461715365189
1573,112,566.0441693039702
1574,117,489.15319021529314
1575,145,717.1359660376115
1576,157,852.2228025071976
1577,145,647.9809754998431
1578,152,697.5438490988445
1579,121,542.7593253924298
1580,115,533.4533760556409
1581,117,510.3508696024134
1582,96,473.36801185681986
1583,143,640.2080520508624
1584,115,559.5948890469605
1585,100,507.21865571250345
1586,174,859.9373880562559
1587,71,303.2458833019766
1588,146,617.9357703149442
1589,139,562.5946218323598
1590,153,783.3180051692946
1591,242,1152.8706273024293
1592,139,593.5878215315245
1593,75,372.89807084311667
1594,91,373.47167004110696
1595,249,1132.4311443451538
1596,123,610.8924621723606
1597,100,493.87697861007285
1598,100,424.62528448173333
1599,204,975.3458560394251
1600,92,448.84572379097756
1601,159,787.7661776852855
1602,122,559.3475884398747
1603,119,543.3890585364989
1604,186,804.4844459422721
1605,147,647.6964173202648
1606,125,597.8384540720186
1607,294,1355.325909800515
1608,137,610.4137265284298
1609,123,517.1643689971208
1610,129,630.2221408666431
1611,94,394.3810752287458
1612,144,622.3198449837914
1613,107,452.18658999790506
1614,68,308.96274527232015
1615,215,1050.8975304550286
1616,159,771.9661769645447
1617,172,750.5195957248692
1618,121,550.526352672161
1619,143,623.006101709206
1620,121,513.0016275245467
1621,123,508.3985130008441
1622,145,625.6894978684924
1623,96,443.37167105688917
1624,94,415.4431146060371
1625,201,900.3122014181827
1626,229,1089.874399103812
1627,116,564.0891396422273
1628,247,1140.0015162457526
1629,62,294.6629829457586
1630,125,598.5079233277235
1631,70,311.3996759690928
1632,209,945.6900529995548
1633,82,425.1687598473295
1634,105,461.3293457133585
1635,151,753.3577403946103
1636,166,843.4027543302581
1637,118,493.25292911010797
1638,118,576.7803786880235
1639,125,550.6122287065009
1640,122,605.0122340277173
1641,160,713.7612737921784
1642,155,775.5824209837344
1643,247,1175.9710595628974
1644,120,487.0787038751138
1645,137,629.9295299271623
1646,131,627.3332969627902
1647,137,579.6618519159287
1648,61,263.8660083780887
1649,130,592.4611259986954
1650,105,453.3020441328995
1651,209,1072.3802303268576
1652,77,373.7111215118039
1653,87,376.1942296079432
1654,76,327.6293053916787
1655,82,356.1637216455973
1656,182,902.0901257059463
1657,106,483.4805275756777
1658,105,477.2677089723087
1659,119,565.5495074390958
1660,111,529.9226418950789
1661,94,460.1765846963172
1662,107,508.9321215157136
1663,126,570.836523362851
1664,123,571.9057184091572
1665,98,452.05648807138357
1666,87,404.9793210773989
1667,141,670.122620056681
1668,112,517.1797877725519
1669,139,654.8699207245643
1670,97,442.49663224910523
1671,113,512.4816360161537
1672,83,372.3464008896365
1673,209,986.4353069298224
1674,121,537.7429173015029
1675,142,672.0847230788482
1676,125,621.1169914371377
1677,168,813.8803030359579
1678,196,988.5982107081003
1679,109,548.2028400358993
1680,144,640.9529545478172
1681,122,610.2504167728662
1682,105,510.2173137306468
1683,122,632.7768790492827
1684,252,1179.4239205650774
1685,87,429.3329920138859
1686,261,1208.99478923176
1687,96,480.6438118631205
1688,163,778.1047675054411
1689,185,893.4407146087945
1690,146,762.5860362352063
1691,72,356.165956720017
1692,108,501.7431263849434
1693,114,561.0965173401049
1694,134,584.9677622054868
1695,173,759.2355873712897
1696,87,404.3055481272244
1697,149,725.6497212814671
1698,274,1359.1326269456392
1699,151,702.0397051456106
1700,115,557.1818869398941
1701,278,1376.8551604409377
1702,98,493.80605645807566
1703,75,348.16471343663204
1704,97,491.73087087976523
1705,93,476.8286977192243
1706,115,572.7814528365132
1707,158,817.0055607001261
1708,116,554.5575296709146
1709,110,544.8464609494602
1710,82,400.5017337132569
1711,129,638.7116583601785
1712,135,702.9839701692779
1713,157,789.2531992988065
1714,108,508.45927744367975
1715,150,747.1632003740676
1716,128,664.2085137952799
1717,88,438.16670346858785
1718,140,664.266909965711
1719,154,690.2941064063006
1720,98,481.84544303066497
1721,132,653.3972345511097
1722,152,749.8290768806235
1723,118,568.7601492193863
1724,160,782.1484755051431
1725,92,461.34124461830265
1726,184,969.6294299145278
1727,132,674.4451101686436
1728,133,568.3641148502793
1729,128,527.7795615377225
1730,93,429.9786110729814
1731,173,743.120366196024
1732,96,469.80073903504996
1733,132,566.2091211970693
1734,121,541.4235671928251
1735,115,581.8469889122119
1736,97,436.5053569200471
1737,114,505.66232007534967
1738,186,820.7505578424681
1739,162,773.7646095593078
1740,88,373.4951907798862
1741,136,663.7055794033284
1742,105,453.0306183295185
1743,110,470.8253768416526
1744,90,414.55928255485173
1745,111,495.85002424534963
1746,110,470.8940463016918
1747,159,707.0734950914517
1748,89,451.7673717242425
1749,199,950.2533405119166
1750,88,393.1385661026899
1751,177,903.2787548996499
1752,150,745.8412503283777
1753,201,1028.3851715467486
1754,75,329.8577414412623
1755,94,410.56282560638954
1756,92,475.2889605704417
1757,131,652.5549665537279
1758,91,410.4993952956388
1759,167,776.2865324554763
1760,175,863.3119444742533
1761,163,824.671828805298
1762,144,720.4695873541621
1763,126,646.5135989980427
1764,119,507.8235125572521
1765,118,532.5101458737967
1766,344,1618.848348849807
1767,207,1004.7556308682923
1768,116,492.85161748644106
1769,136,668.2640219400558
1770,240,1128.6687037512995
1771,185,896.4812714093176
1772,151,705.9445496989649
1773,105,452.2437260586947
1774,152,686.7485608728439
1775,120,616.2343683484758
1776,179,861.6208862500634
1777,167,837.7277870036361
1778,221,1121.481084062421
1779,133,591.5627728843135
1780,90,425.01799408212145
1781,100,443.2238239712204
1782,233,1116.9117891854505
1783,135,634.4068966242095
1784,238,1205.9809134006146
1785,171,738.245967567779
1786,108,459.13810767566724
1787,100,451.45600966559203
1788,91,398.68962866591323
1789,170,744.3756832719258
1790,192,867.2873796243927
1791,124,536.9746485840285
1792,90,377.1589610823392
1793,106,444.84781583087937
1794,103,512.4693362749739
1795,300,1437.925420151957
1796,120,533.6240965276118
1797,79,366.86758164128133
1798,110,545.2897965551477
1799,163,710.9638662858472
1800,100,457.50561987389057
1801,109,509.0022688927012
1802,150,752.1225560845414
1803,145,631.6942535871781
1804,192,932.0817189729321
1805,219,1018.1100631526697
1806,233,1090.9129716965701
1807,120,479.6303511709804
1808,350,1659.9109407476762
1809,102,480.0320899584192
1810,101,456.23091093410954
1811,137,608.7133245676658
1812,96,490.1750007606211
1813,327,1691.8537134263331
1814,154,723.8859293923758
1815,123,538.5861739419124
1816,115,561.6053411264354
1817,199,994.2777184785468
1818,91,405.3345883824269
1819,163,747.9177043099563
1820,115,514.1894285586973
1821,125,553.5388255582995
1822,289,1370.6110022931823
1823,120,584.6049629509828
1824,194,899.7181373716186
1825,201,996.7824603849883
1826,122,599.0321631664449
1827,143,695.1201573384432
1828,76,373.7531585800013
1829,100,504.67185991054833
1830,173,867.5900963082004
1831,130,671.6355944845146
1832,180,840.9717075715325
1833,180,792.0324264813058
1834,81,409.5340629267395
1835,174,864.233239769942
1836,332,1651.7822728174688
1837,178,865.3604620637103
1838,186,934.135929785294
1839,208,1011.8393408373507
1840,401,1981.3905751973098
1841,126,622.9980089236077
1842,124,588.3855106683936
1843,118,512.7808019083512
1844,246,1104.5054477238702
1845,155,696.6931870056001
1846,201,951.8176244424614
1847,216,992.5087071545956
1848,171,766.2112437100494
1849,106,535.5256533160534
1850,246,1178.9868738716132
1851,160,701.4402845918853
1852,118,628.5844838772056
1853,106,493.93624077880884
1854,247,1244.8986017815027
1855,217,1048.7605028816747
1856,163,659.9741495911775
1857,103,515.0706304604552
1858,134,586.6643065571433
1859,91,434.18311357097457
1860,94,432.2924219462854
1861,105,494.62795524068497
1862,128,559.203212381817
1863,96,434.4597087811525
1864,151,646.697408518499
1865,95,444.9524041633325
1866,388,1854.2137058977455
1867,105,455.9010467616992
1868,243,1206.397388300611
1869,91,386.76932421922623
1870,272,1230.1209775465068
1871,181,862.9514154502332
1872,175,774.2067035697997
1873,121,535.509089946176
1874,100,486.96227845268226
1875,182,851.2370574133239
1876,98,418.8534670783615
1877,107,546.3556906837625
1878,79,363.35061653966466
1879,177,893.6049739973195
1880,142,655.4095158774328
1881,121,527.1656483799211
1882,97,476.02351625879254
1883,318,1570.261886493103
1884,145,671.6137682093628
1885,129,600.3260475856914
1886,79,396.39593118423255
1887,163,793.253117393213
1888,176,839.4313823166106
1889,158,792.861257034794
1890,221,982.7058308716562
1891,136,569.7124402928946
1892,122,506.14853669831666
1893,75,387.6128475385181
1894,257,1321.6793463561949
1895,258,1183.287005527535
1896,139,596.4440302527458
1897,104,505.5564437031562
1898,214,1000.8222202932038
1899,126,616.8507385667554
1900,146,681.6728610773526
1901,123,620.3563640867147
1902,126,633.178884610067
1903,122,568.8631214074195
1904,180,803.3257398062445
1905,110,543.6118315768659
1906,190,864.6168714758097
1907,109,564.931006797878
1908,154,756.1600447202371
1909,197,976.6431899922782
1910,176,846.2144440197801
1911,272,1380.795114553185
1912,111,579.1400002662352
1913,126,597.3466613849313
1914,118,535.2117880971314
1915,196,1019.4691570222956
1916,406,1967.2248709863673
1917,205,899.3298245500831
1918,133,666.9212351586934
1919,570,2734.1753872201944
1920,192,922.6357366415857
1921,290,1426.7146079133602
1922,174,832.0391738445163
1923,203,993.0795853877771
1924,344,1703.1766809544556
1925,71,351.4062260326031
1926,60,301.06185887912824
1927,80,382.63648136245445
1928,178,945.4284119701819
1929,159,716.329453522369
1930,154,779.3601955643051
1931,107,557.9692868970085
1932,88,436.04223672078393
1933,70,348.2096457496655
1934,123,633.8175391782811
1935,66,333.6265865042374
1936,67,327.6316638109921
1937,68,324.2727263481277
1938,81,387.3560042070781
1939,132,597.8618016819772
1940,124,628.7464964838042
1941,225,1086.0637599207098
1942,498,2387.441006440969
1943,187,879.750213097974
1944,137,589.772436269065
1945,77,333.93922318779545
1946,140,676.1662019153015
1947,228,1035.522631052767
1948,99,451.92838559010613
1949,141,645.7814121114297
1950,150,638.7954191925221
1951,143,719.5061070668058
1952,187,907.1238728956968
1953,74,344.68841288541284
1954,78,338.8282886990045
1955,133,609.7537216133651
1956,164,726.7792184153412
1957,96,451.1029691224371
1958,156,732.3065712979728
1959,271,1387.1339449147126
1960,102,509.50418917316824
1961,108,473.66714076267203
1962,86,399.8526593578589
1963,173,914.6288997867453
1964,121,618.7160893920473
1965,113,527.5442739753598
1966,294,1442.5578422429587
1967,85,379.91835190532737
1968,111,479.6257872602053
1969,78,380.77861766510415
1970,211,1028.6622313930172
1971,82,394.12165241499736
1972,56,231.42065188717376
1973,252,1175.5918173238908
1974,84,408.3414229175957
1975,197,861.4900965243093
1976,239,1104.2473835580604
1977,368,1721.9563183893144
1978,169,845.29726235299
1979,82,384.7557604798286
1980,185,848.428305058149
1981,154,787.2925652656555
1982,130,642.608755476227
1983,155,758.3309766007216
1984,125,605.5529083259295
1985,187,838.3059983292536
1986,109,481.0714212870269
1987,132,575.6353458983767
1988,182,797.0231195419036
1989,201,883.11996837493
1990,148,715.8277893674232
1991,176,752.0181362321022
1992,199,935.6293187656321
1993,115,525.1590085808401
1994,188,836.0651778840528
1995,199,1012.738529760311
1996,142,657.9916163248948
1997,178,759.0145874785795
1998,158,753.6965354505833
1999,143,696.6874486383069
2000,231,1047.7380199698657
2001,152,663.3761036084782
2002,243,1126.518745444639
2003,98,507.69183779773095
2004,221,1090.379885415071
2005,326,1439.0539045453074
2006,370,1706.252321483225
2007,138,603.751701410926
2008,144,667.9193276474778
2009,238,1101.186718402368
2010,134,629.6006190070945
2011,118,570.1180538583783
2012,216,1077.591526188751
2013,266,1313.0692951806848
2014,546,2524.61725244752
2015,163,766.4606293404587
2016,96,462.84121688642966
2017,192,930.856207011156
2018,501,2389.383869151613
2019,168,784.889289949754
2020,149,705.5662098697103
2021,113,556.446614193494
2022,150,748.7541579551419
2023,210,1045.9734351245486
2024,131,616.0235427993741
2025,424,2081.5445966896696
2026,162,752.8779497194306
2027,228,1123.3280579456432
2028,256,1282.0133643389809
2029,173,754.3998654317342
2030,174,814.4307141453636
2031,115,547.8073074376632
2032,293,1447.1361329728184
2033,198,954.9992480676719
2034,377,1879.8968290306486
2035,140,703.3679039718701
2036,197,997.4812749721814
2037,353,1709.401272923419
2038,120,599.1521134548046
2039,286,1438.4644478005155
2040,310,1504.9957957361325
2041,108,528.8587256992666
2042,114,569.9915612679121
2043,99,483.4661102123425
2044,115,585.1446315952302
2045,174,802.479866826543
2046,172,795.7684613950937
2047,151,762.8652523082874
2048,245,1249.1614566225117
2049,118,527.1579721749586
2050,76,360.7038965279427
2051,239,1112.4864575055803
2052,124,529.0840554986905
2053,151,765.8534131664994
2054,398,1927.0818711735126
2055,264,1228.988449535144
2056,157,788.9722232126287
2057,121,626.227252960503
2058,198,891.4705023861675
2059,123,523.4776440661639
2060,301,1388.3503027206132
2061,98,425.4344662084923
2062,97,428.27415704893235
2063,136,653.3595173439676
2064,169,816.990615477085
2065,145,672.9436977392279
2066,206,937.6056805201728
2067,192,850.8830371925121
2068,293,1494.6726253896475
2069,229,1075.9790778879342
2070,184,902.1475725661691
2071,203,974.5851198842378
2072,278,1382.5605171455588
2073,358,1786.1894355954532
2074,161,714.1554465040742
2075,182,808.8869604745001
2076,278,1335.615800341852
2077,240,1089.0838136840614
2078,181,894.7761385394203
2079,220,1081.668882858926
2080,315,1510.763501170518
2081,110,524.4344506746783
2082,115,525.6060297556635
2083,261,1222.3095941527042
2084,431,2130.0599854299317
2085,276,1341.6010498352161
2086,189,894.7773858585489
2087,148,733.7436438891365
2088,150,706.1918569189803
2089,142,659.8396783960271
2090,197,859.9213554763309
2091,153,768.2088884837708
2092,267,1333.2072969876065
2093,257,1126.6777821352375
2094,299,1367.2062434757183
2095,130,606.4128754519796
2096,89,424.9698395612071
2097,191,936.7021480938529
2098,213,950.0533366491111
2099,191,943.0502741258679
2100,150,622.4479984346677
2101,374,1720.182983752343
2102,437,1977.3409886643092
2103,171,854.5762360722363
2104,164,797.079534988406
2105,262,1148.3562801274404
2106,103,524.878280507768
2107,299,1475.9745910272677
2108,145,647.048546320296
2109,199,882.1688387204092
2110,444,2085.862499571425
2111,282,1355.274184059316
2112,207,1040.724064830923
2113,285,1268.703359929436
2114,256,1148.7869720580438
2115,164,746.8073430054017
2116,296,1418.5599149724649
2117,340,1526.0881141315153
2118,132,563.1407393661239
2119,304,1397.3353975547916
2120,388,1789.8850769980854
2121,93,391.00377706006236
2122,256,1169.553334713839
2123,98,500.95569952102045
2124,145,661.6622091772145
2125,182,906.7550916050907
2126,218,942.98527133767
2127,202,917.8301595811987
2128,309,1481.7072518425211
2129,352,1723.6045999781136
2130,164,802.1963389996171
2131,196,975.2696291546467
2132,213,933.8792548066158
2133,126,628.5666056322702
2134,211,967.0164667694885
2135,150,690.3807676306218
2136,103,494.89871103754393
2137,399,1941.2890586233525
2138,486,2306.0176219528134
2139,720,3556.4412898355895
2140,112,560.9353224416457
2141,136,671.9950573626711
2142,119,626.4377986114301
2143,57,279.18324338544295
2144,246,1164.1738357323497
2145,108,491.81196400508037
2146,46,220.78676914679113
2147,128,569.0350341105269
2148,285,1394.6853989945253
2149,94,467.5848749256684
2150,702,3381.841059513457
2151,266,1256.5863759698148
2152,80,409.7364326757509
2153,228,1084.8142064595659
2154,278,1276.5742369484851
2155,139,638.226759149249
2156,244,1161.491882328642
2157,113,563.1177041238454
2158,226,1130.3373502401569
2159,200,992.8540239021444
2160,97,476.964285868137
2161,247,1202.4696052648399
2162,203,948.9450878504111
2163,131,662.4801140033723
2164,83,394.254528706531
2165,107,519.5998195602348
2166,135,649.219361788538
2167,66,306.31745213078125
2168,161,736.5221808174022
2169,110,502.5072055256382
2170,129,606.4377782606673
2171,114,541.3832701658273
2172,75,354.30687067303086
2173,121,613.0043426759555
2174,162,783.4543772390107
2175,116,536.0821020726893
2176,164,805.7395412219443
2177,93,436.51381184601354
2178,211,1010.0680456909759
2179,192,876.6484192806454
2180,91,456.1819801353381
2181,149,675.4827874101924
2182,178,861.4456385335255
2183,141,629.450895926573
2184,164,783.4665796116998
2185,149,735.8305921632159
2186,142,749.1286994551493
2187,367,1732.3895702823734
2188,185,948.1799904034638
2189,282,1424.24524578828
2190,142,640.7656945678812
2191,275,1323.735502460476
2192,177,814.0932449606289
2193,239,1081.710644962851
2194,101,472.246559148211
2195,108,472.1410176540679
2196,230,1109.9029218176315
2197,307,1549.7698183769583
2198,178,916.6496958847783
2199,168,782.5452826382135
2200,94,407.20464407283123
2201,211,1029.307706727693
2202,173,832.7747403203664
2203,205,923.8015723485747
2204,466,2348.460679248174
2205,172,775.8073491571731
2206,356,1699.4386230484931
2207,319,1558.1927657376787
2208,177,826.6699603355357
2209,272,1244.7381598403504
2210,86,397.94661913986323
2211,116,505.59991543867613
2212,229,1005.7337486469228
2213,112,476.35049847292737
2214,209,946.5120364159905
2215,302,1425.402895950028
2216,164,731.772896255107
2217,132,572.9769418775068
2218,269,1274.7224099674565
2219,166,750.6141414799987
2220,542,2602.901428236284
2221,239,1030.1345764758453
2222,309,1341.505741523614
2223,208,916.6427777787993
2224,174,811.578561053994
2225,145,687.4969028536076
2226,321,1546.815544278647
2227,399,1895.1203149209962
2228,151,720.7020212358672
2229,284,1378.2530960114866
2230,309,1479.1243095348077
2231,350,1730.4969280210432
2232,196,938.6943871041402
2233,200,997.0101166996734
2234,236,1167.5966590926325
2235,213,1037.4017600314296
2236,233,1117.31395746147
2237,315,1522.6697298240363
2238,108,485.7282124573018
2239,304,1455.3092905680528
2240,107,445.23633848066095
2241,162,689.2374017812227
2242,99,470.8254413887829
2243,189,921.2969684348582
2244,259,1158.1876940868112
2245,215,1023.7202645633487
2246,183,857.8295638319224
2247,437,2004.2428586537005
2248,154,766.8149923480958
2249,785,3784.011394226098
2250,201,904.7203481843221
2251,178,823.0830785194743
2252,167,794.320580930732
2253,106,517.8416489416074
2254,322,1564.5914577729218
2255,146,730.4314580364072
2256,77,349.07770002730217
2257,205,1045.315433427852
2258,229,1075.9213112507
2259,135,597.9921391830799
2260,119,527.9492675184873
2261,154,780.511036142517
2262,235,1114.1766862037116
2263,122,536.6409544562057
2264,267,1328.3879952082902
2265,258,1263.6122253113003
2266,403,1797.9778764923428
2267,139,644.9571271519857
2268,154,714.2353829011917
2269,132,613.799812698579
2270,178,917.6337959334992
2271,259,1218.455143717062
2272,173,841.352898273758
2273,183,751.7698640481441
2274,419,2088.8113116886757
2275,271,1341.2792909787058
2276,139,644.2374966298536
2277,174,777.8235995311059
2278,103,457.39968623539175
2279,189,820.8683102719582
2280,498,2321.784758877992
2281,286,1405.7349598903108
2282,148,758.8404449960018
2283,542,2648.7106874304936
2284,178,809.9846003247906
2285,153,749.2759848023991
2286,248,1211.6651493697545
2287,141,691.8419241990821
2288,223,1002.1807282323398
2289,125,613.1199574157228
2290,126,634.9088031458313
2291,227,1083.9991128114991
2292,147,688.8912045533693
2293,207,1114.190425360292
2294,102,504.6967763852149
2295,152,699.1012475521186
2296,137,634.6820017383976
2297,87,431.90242010683517
2298,144,661.2076679979746
2299,152,731.9716912355565
2300,87,436.64587392417394
2301,142,681.299997120065
2302,122,619.7926882520568
2303,295,1292.9265563495169
2304,399,1890.3043588157068
2305,277,1311.0099930557333
2306,207,986.6848932642255
2307,229,1075.6044935751836
2308,121,571.1500275597808
2309,325,1483.2556833861688
2310,276,1395.2732207579897
2311,164,852.9585236425971
2312,345,1561.9555470712144
2313,118,607.2352139101594
2314,184,809.2834517688549
2315,177,801.9082170760092
2316,376,1804.3145080135184
2317,211,1044.4856495246634
2318,301,1339.3475917598062
2319,103,512.8525055902829
2320,200,957.6539833571968
2321,175,832.6100823583313
2322,87,445.4259585813803
2323,344,1678.939671632745
2324,171,846.7761118406318
2325,244,1181.0449226687547
2326,115,549.054881043921
2327,132,667.7230738219205
2328,321,1534.3366814592207
2329,114,555.697799821285
2330,232,1201.3261217668964
2331,228,1145.0771531618977
2332,235,1185.4365732385222
2333,459,2381.9176313332177
2334,225,1090.2031655802227
2335,401,1787.601216964381
2336,238,1189.2168205314308
2337,261,1249.0114172585427
2338,297,1328.5895887870672
2339,250,1111.366481934595
2340,346,1632.7323966023955
2341,218,1003.5849108522283
2342,731,3545.122496602307
2343,298,1325.5606771550645
2344,90,413.64846158120923
2345,803,3810.7521519725265
2346,184,830.5799389001253
2347,252,1257.744970958521
2348,208,1035.7271193380468
2349,319,1565.4887815374084
2350,314,1506.7736229373802
2351,184,811.3223173385351
2352,364,1667.2860720387187
2353,309,1429.5511704427568
2354,222,1048.4358249744375
2355,366,1672.3805994847467
2356,955,4769.160499888561
2357,249,1111.9596713063154
2358,181,855.6462658802393
2359,217,984.9405590895133
2360,167,867.3274195354504
2361,292,1256.5340108062426
2362,487,2205.324333521983
2363,372,1738.6418067459451
2364,338,1625.9021205358806
2365,239,1195.4544577084482
2366,161,775.053990287886
2367,1000,4774.264019454978
2368,218,1038.6976362677433
2369,189,977.1649927201904
2370,162,731.9504951112829
2371,103,479.1773027081977
2372,356,1624.5993212298415
2373,294,1407.17612969386
2374,126,579.4129138894385
2375,137,623.5194212766556
2376,118,535.429081973723
2377,171,793.7998460355799
2378,138,611.6510558765427
2379,160,705.4870756223255
2380,193,892.6742129509179
2381,422,1881.050928346115
2382,371,1762.8936486054213
2383,124,598.1849466023523
2384,299,1387.1144377863934
2385,289,1419.3868170736228
2386,217,1028.5127420239437
2387,111,551.1461136176231
2388,584,2649.256805692308
2389,144,615.1838713437428
2390,122,550.2233093783092
2391,89,455.28322606983716
2392,92,393.192330889644
2393,171,722.64975421035
2394,161,753.3661005439886
2395,159,822.5763276502469
2396,178,897.8196926986495
2397,116,571.1567016198068
2398,217,1039.08801062422
2399,177,802.48402661118
2400,134,662.0631202072004
2401,165,865.4341912427988
2402,317,1416.2216514008655
2403,152,775.6707560843854
2404,181,925.2787010589425
2405,363,1578.717391483955
2406,206,973.2833125875701
2407,462,2078.6256644303403
2408,299,1319.4700434081994
2409,407,1964.0022246669607
2410,365,1802.3445423155163
2411,185,892.8855435668554
2412,146,638.5546578929221
2413,212,1039.1069694360845
2414,210,982.405388410858
2415,310,1449.5132481462977
2416,229,1021.5324320660268
2417,361,1741.4203671867253
2418,252,1140.780071042933
2419,134,658.8378307423303
2420,90,418.35642357086937
2421,374,1920.2554604443787
2422,735,3734.4114020479306
2423,347,1720.216206352241
2424,222,1118.458358701926
2425,218,1054.8202242893176
2426,386,1781.390782224865
2427,226,1083.7737926167886
2428,418,1966.0596057562539
2429,131,581.9442733316042
2430,238,1161.9447649862404
2431,221,977.3030327935288
2432,110,491.2362959202249
2433,187,846.2758236619128
2434,93,457.7015928639578
2435,145,708.9469888973161
2436,515,2317.3526075914056
2437,299,1427.9609063070984
2438,122,610.805833652442
2439,417,1927.8702939849875
2440,157,829.2621019624573
2441,157,734.3449984657069
2442,134,584.3178527780442
2443,620,3043.5845099978897
2444,305,1433.680501845269
2445,280,1388.3490564324204
2446,350,1722.5818349787203
2447,222,1050.1933683414225
2448,356,1660.4036375953879
2449,282,1335.6036758436007
2450,580,2821.8415358463662
2451,410,1923.4473233715573
